{"theta0": 8489.43499975633, "theta1": -0.021352294928082}